Date,Open,High,Low,Close,Adj Close,Volume
23-07-2021,116,138.899994,115,126,126,694895290
26-07-2021,126.349998,143.75,125.300003,140.649994,140.649994,249723854
27-07-2021,141.699997,147.800003,127.75,132.899994,132.899994,240341900
28-07-2021,131,135,123.550003,131.199997,131.199997,159793731
29-07-2021,134.949997,144,132.199997,141.550003,141.550003,117973089
30-07-2021,142.600006,142.699997,131,133.5,133.5,88312522
02-08-2021,135.75,140.75,135.149994,139.699997,139.699997,66909732
03-08-2021,137,140.800003,137,139.399994,139.399994,46610001
04-08-2021,139.800003,141,135.25,138.399994,138.399994,41134419
05-08-2021,138.75,138.899994,132,134.949997,134.949997,38437134
06-08-2021,135.5,136.199997,130.100006,131.350006,131.350006,31975356
09-08-2021,132.399994,133.550003,127.25,130.600006,130.600006,41358299
10-08-2021,131,131.449997,122.099998,125.199997,125.199997,43164004
11-08-2021,123,138.75,123,135.649994,135.649994,111702781
12-08-2021,135.649994,137.399994,132.050003,135.449997,135.449997,51256670
13-08-2021,133.850006,139.75,132.100006,137.350006,137.350006,33674300
16-08-2021,136.399994,136.899994,132.25,134.949997,134.949997,20305361
17-08-2021,132.800003,134.350006,130.600006,132.5,132.5,15815187
18-08-2021,134.5,136.800003,133.300003,134.949997,134.949997,22566920
20-08-2021,134.949997,141.449997,133,139.300003,139.300003,53789580
23-08-2021,137.800003,137.800003,124.75,127.25,127.25,68470861
24-08-2021,127.25,127.949997,120.5,125,125,56713556
25-08-2021,126,128.5,123.099998,124.25,124.25,51078811
26-08-2021,125.25,127.150002,124.349998,125.849998,125.849998,20645403
27-08-2021,126.599998,129.5,124.099998,124.699997,124.699997,22227595
30-08-2021,127.849998,135.449997,127.550003,133.550003,133.550003,45239080
31-08-2021,134,135.199997,131.350006,134.550003,134.550003,24640924
01-09-2021,134.550003,135.100006,130.699997,132.600006,132.600006,16162269
02-09-2021,132,138.5,131.5,137.600006,137.600006,27882466
03-09-2021,135.949997,151.399994,135.600006,149.75,149.75,113381518
06-09-2021,149.25,149.350006,143.25,144.050003,144.050003,34811620
07-09-2021,144.899994,146.850006,138.550003,140.050003,140.050003,30421931
08-09-2021,141,143.600006,139.050003,141.25,141.25,28133284
09-09-2021,141.399994,142.899994,140,141.600006,141.600006,18970691
13-09-2021,143.25,144.25,142,143.149994,143.149994,17426798
14-09-2021,145.149994,152.75,136.199997,144.100006,144.100006,112358935
15-09-2021,142.949997,145,140.75,142.649994,142.649994,38892545
16-09-2021,143,144,141.5,142.050003,142.050003,17634206
17-09-2021,142.550003,146.899994,137.149994,137.899994,137.899994,23264091
20-09-2021,137.699997,140.850006,133.25,134.300003,134.300003,19799941
21-09-2021,137.199997,138,131,133.449997,133.449997,19330196
22-09-2021,135.399994,135.399994,131.300003,132.100006,132.100006,16923375
23-09-2021,134.5,140.399994,133.050003,137.300003,137.300003,31779169
24-09-2021,137.550003,139.5,136.050003,136.649994,136.649994,13099391
27-09-2021,139.850006,144.75,138,143.699997,143.699997,26041244
28-09-2021,143.899994,143.899994,137.649994,139,139,13489232
29-09-2021,138,139.5,136.5,138.5,138.5,10801439
30-09-2021,139.199997,139.199997,136.149994,136.600006,136.600006,7825751
01-10-2021,137.300003,140.5,137,138,138,11940576
04-10-2021,139.100006,140,138,139.100006,139.100006,11995299
05-10-2021,138.75,138.800003,137.149994,137.949997,137.949997,10912142
06-10-2021,138.75,139.199997,133.699997,134.949997,134.949997,9988184
07-10-2021,136.75,138.449997,136.050003,137.100006,137.100006,7317664
08-10-2021,138,138,135.699997,136.149994,136.149994,6207969
11-10-2021,137.5,137.5,136.149994,136.850006,136.850006,4395523
12-10-2021,137.300003,137.75,135.5,136.600006,136.600006,5600652
13-10-2021,137.25,137.399994,134.350006,135.449997,135.449997,6351349
14-10-2021,135.899994,137.300003,133.699997,135,135,8688177
18-10-2021,136,146.149994,135.899994,144.050003,144.050003,31446800
19-10-2021,144.899994,145.100006,137.25,138.550003,138.550003,14688308
20-10-2021,138.5,140.399994,133.850006,137.899994,137.899994,12607297
21-10-2021,139.75,139.899994,135.800003,138.149994,138.149994,5951873
22-10-2021,138.949997,142,135.800003,137.75,137.75,11468458
25-10-2021,138,138.949997,131.550003,132.699997,132.699997,13530512
26-10-2021,133,137.350006,133,135.449997,135.449997,6445894
27-10-2021,136.199997,139.25,134.5,134.800003,134.800003,8982174
28-10-2021,135.350006,136.5,131.5,135.600006,135.600006,11936370
29-10-2021,135,135,130.5,131.550003,131.550003,12925877
01-11-2021,133.600006,134.300003,132,132.649994,132.649994,6200243
02-11-2021,132.699997,133.600006,131.75,132.449997,132.449997,7367792
03-11-2021,132.899994,132.899994,127.5,128.350006,128.350006,15919925
04-11-2021,130,132.399994,130,131.350006,131.350006,4101820
08-11-2021,132.949997,133.600006,130.600006,131.149994,131.149994,17645794
09-11-2021,133,138.899994,131.649994,137.649994,137.649994,26457361
10-11-2021,136.5,139.149994,135,136.050003,136.050003,16816048
11-11-2021,142,144,132.600006,140.899994,140.899994,83582039
12-11-2021,142,155.199997,142,153,153,140547798
15-11-2021,149,163.300003,142.350006,160.300003,160.300003,121197599
16-11-2021,161.149994,169,153.800003,157.600006,157.600006,109342731
17-11-2021,155.949997,162.25,154.25,156.550003,156.550003,44505156
18-11-2021,158.899994,161.850006,152.5,154.699997,154.699997,46802082
22-11-2021,158.25,158.25,136.800003,149.75,149.75,79417849
23-11-2021,150,152,144.25,148.699997,148.699997,38236588
24-11-2021,151.100006,156.399994,149.600006,155.5,155.5,53749976
25-11-2021,157,161.300003,154.050003,159.75,159.75,48900473
26-11-2021,158.449997,158.449997,146.25,148.149994,148.149994,35968151
29-11-2021,148.800003,153.899994,137.5,149.100006,149.100006,43972445
30-11-2021,149.949997,158,145.300003,152.550003,152.550003,258130152
01-12-2021,153,157.899994,149.449997,151.399994,151.399994,32604856
02-12-2021,151.600006,153.800003,147.800003,150.649994,150.649994,23508261
03-12-2021,152.100006,152.800003,143.850006,144.899994,144.899994,26452896
06-12-2021,146.600006,146.850006,135.300003,138.550003,138.550003,33244501
07-12-2021,141.350006,143.800003,138.649994,139.800003,139.800003,36835410
08-12-2021,141,148.600006,140.25,147.600006,147.600006,37324365
09-12-2021,148.649994,148.649994,145.300003,146.25,146.25,18377899
10-12-2021,144.100006,146.399994,139.75,140.550003,140.550003,27881031
13-12-2021,142.199997,144.449997,141.899994,142.649994,142.649994,20318225
14-12-2021,144.699997,144.949997,140,140.649994,140.649994,19474412
15-12-2021,140.5,142,140,140.600006,140.600006,12791660
16-12-2021,141.899994,142.850006,137.399994,138.399994,138.399994,17182101
17-12-2021,138.949997,141,132.350006,135.350006,135.350006,95386202
20-12-2021,135.300003,135.75,124.599998,126.550003,126.550003,36064413
21-12-2021,128.850006,132.850006,128.600006,131.600006,131.600006,20442777
22-12-2021,133.050003,139.75,133,138.649994,138.649994,19425711
23-12-2021,140.050003,140.75,132.100006,133,133,21934786
24-12-2021,134.5,134.5,129.600006,131.449997,131.449997,17625584
27-12-2021,131.350006,133.850006,128,132.75,132.75,13934154
28-12-2021,133.699997,134,131.649994,132.850006,132.850006,11170275
29-12-2021,132.699997,137.699997,131.550003,137.100006,137.100006,18914246
30-12-2021,137.050003,137.050003,133.300003,133.949997,133.949997,8369208
31-12-2021,133.850006,138.399994,133.399994,137.399994,137.399994,11452243
03-01-2022,139.699997,142.449997,138.300003,141.350006,141.350006,22518241
04-01-2022,141.350006,141.550003,137.600006,138.350006,138.350006,10705792
05-01-2022,137.899994,137.899994,133.300003,133.949997,133.949997,15874857
06-01-2022,133,133.149994,129.600006,130,130,23780419
07-01-2022,130,131.449997,129,129.25,129.25,22846951
10-01-2022,130.5,130.899994,129.399994,130.199997,130.199997,11389370
11-01-2022,131,132.5,130,131.300003,131.300003,15396652
12-01-2022,132.100006,132.899994,131.600006,132.25,132.25,8004430
13-01-2022,132.5,133.449997,132.350006,133.100006,133.100006,6535224
14-01-2022,133.100006,134.449997,132.050003,133.600006,133.600006,9443928
17-01-2022,133.600006,134.5,133,134,134,7515979
18-01-2022,134.5,134.600006,132.800003,133.050003,133.050003,9428096
19-01-2022,131.699997,132.399994,128.25,129.199997,129.199997,27812341
20-01-2022,127.949997,130.699997,125,125.199997,125.199997,23290545
21-01-2022,125.150002,125.150002,112.550003,113.650002,113.650002,59805922
24-01-2022,114,114.199997,90.949997,91.349998,91.349998,167044739
25-01-2022,90.949997,100.449997,84.150002,100.449997,100.449997,138336211
27-01-2022,98,98,90.449997,90.5,90.5,106488772
28-01-2022,93.599998,96.449997,88.800003,89.550003,89.550003,61452438
31-01-2022,91.349998,92.5,89.650002,90.400002,90.400002,20203799
01-02-2022,91.75,95.800003,91.050003,94.550003,94.550003,32606751
02-02-2022,95.75,99.75,94.800003,98.900002,98.900002,18674088
03-02-2022,98.5,98.5,96.099998,97.099998,97.099998,9769090
04-02-2022,97.199997,97.849998,93.599998,94.199997,94.199997,15354384
07-02-2022,95.099998,95.5,93.349998,93.550003,93.550003,10900141
08-02-2022,94.349998,94.650002,91.25,93.550003,93.550003,9026735
09-02-2022,94.5,95.449997,93.599998,94.199997,94.199997,7876462
10-02-2022,94.900002,95.400002,93,94.449997,94.449997,13257124
11-02-2022,92.75,92.75,86.5,88.699997,88.699997,39976783
14-02-2022,87,87,80.550003,82.449997,82.449997,35049550
15-02-2022,83.5,84.650002,75.75,82.699997,82.699997,106216252
16-02-2022,85,87,84.25,84.949997,84.949997,33106605
17-02-2022,86.5,90.099998,85.900002,89.150002,89.150002,29566401
18-02-2022,88.099998,88.400002,85.199997,85.900002,85.900002,15037123
21-02-2022,84.199997,84.800003,80.650002,81.550003,81.550003,18853339
22-02-2022,78,80.550003,77,79.699997,79.699997,28814770
23-02-2022,82,85.150002,81.199997,84.150002,84.150002,19847603
24-02-2022,78.650002,81.5,78.099998,78.5,78.5,22035319
25-02-2022,82,83.400002,78.150002,78.800003,78.800003,22876044
28-02-2022,79,80.949997,76.550003,79.949997,79.949997,41975659
02-03-2022,80,82,79,79.849998,79.849998,20353225
03-03-2022,81.5,83.199997,81.199997,82.199997,82.199997,16067224
04-03-2022,80.5,82.900002,79.5,80.199997,80.199997,15145236
07-03-2022,79,79.650002,78,79,79,9764606
08-03-2022,79.25,80.599998,77.599998,78.150002,78.150002,12381953
09-03-2022,79.449997,80.650002,78.900002,80.349998,80.349998,11887757
10-03-2022,82.550003,83.949997,81.699997,82.199997,82.199997,13476206
11-03-2022,82.400002,82.400002,79.5,79.900002,79.900002,18964704
14-03-2022,80.699997,80.699997,79,79.300003,79.300003,7261365
15-03-2022,79.300003,79.599998,76,76.550003,76.550003,18900800
16-03-2022,80,80,75.5,75.949997,75.949997,42383305
17-03-2022,77.199997,82,76.800003,80.849998,80.849998,34440238
21-03-2022,82,83.300003,79.25,80.400002,80.400002,28669864
22-03-2022,80.949997,81.900002,79.300003,81.150002,81.150002,23798591
23-03-2022,82,82,80.199997,80.75,80.75,12522850
24-03-2022,80.699997,82.349998,80.050003,80.349998,80.349998,12996477
25-03-2022,81,81.849998,80.25,80.599998,80.599998,13585986
28-03-2022,80.599998,81,79.150002,79.650002,79.650002,10034667
29-03-2022,80.050003,80.5,78.050003,78.199997,78.199997,13466521
30-03-2022,79,86,78.5,85.050003,85.050003,41305975
31-03-2022,88.699997,88.699997,81.75,82.300003,82.300003,34672910
01-04-2022,82.099998,85.599998,82.050003,84.300003,84.300003,15586812
04-04-2022,84.400002,87.699997,84.400002,86.25,86.25,18040882
05-04-2022,83,85.150002,82.349998,83.900002,83.900002,28433443
06-04-2022,83.75,85.300003,83.150002,84.550003,84.550003,10697018
07-04-2022,84.800003,85.25,82.25,82.5,82.5,9709022
08-04-2022,83.5,85.5,82.75,83.400002,83.400002,14851737
11-04-2022,83.150002,85.849998,83,84.449997,84.449997,17609808
12-04-2022,84.300003,84.300003,81,81.5,81.5,12913673
13-04-2022,82.5,88.300003,82.150002,83.900002,83.900002,52988189
18-04-2022,83.699997,84.400002,82.550003,82.900002,82.900002,14209908
19-04-2022,83.099998,83.900002,79.449997,80.449997,80.449997,13439870
20-04-2022,81.599998,82.300003,80,80.300003,80.300003,12797463
21-04-2022,81.099998,81.849998,80.650002,80.800003,80.800003,6780602
22-04-2022,80.699997,81.800003,80.199997,81.199997,81.199997,7211263
25-04-2022,80.5,81.599998,78.599998,78.75,78.75,16717052
26-04-2022,80.599998,80.900002,78.599998,79.599998,79.599998,9548939
27-04-2022,79.400002,79.599998,75.5,75.849998,75.849998,23626624
28-04-2022,77.349998,77.599998,73.5,73.849998,73.849998,21338831
29-04-2022,74.699997,74.849998,71.099998,71.75,71.75,24873682
02-05-2022,71.75,71.900002,68.75,69.5,69.5,18464589
04-05-2022,69.75,70,63.900002,64.449997,64.449997,43049544
05-05-2022,65.75,66.650002,60.5,61.150002,61.150002,40296393
06-05-2022,59.299999,62.299999,57.650002,60.5,60.5,47189321
09-05-2022,59.599998,60.400002,55.650002,56.75,56.75,38279098
10-05-2022,55.75,56.75,50.049999,52.450001,52.450001,45135581
11-05-2022,52,56.450001,50.299999,54.200001,54.200001,99812774
12-05-2022,53.799999,53.900002,51.049999,51.950001,51.950001,37338266
13-05-2022,53.299999,59.200001,52.25,56.849998,56.849998,79292212
16-05-2022,56.849998,57.700001,54.75,56.400002,56.400002,37036105
17-05-2022,56.099998,56.700001,55.150002,56.150002,56.150002,21460388
18-05-2022,56.099998,59.599998,55.849998,58.75,58.75,57728111
19-05-2022,56.5,56.849998,54.799999,55.349998,55.349998,31970099
20-05-2022,56.5,58.75,56.400002,58.049999,58.049999,32411623
23-05-2022,58.700001,60.5,56.599998,57.049999,57.049999,36830591
24-05-2022,57.950001,67.599998,57.900002,64.949997,64.949997,193577787
25-05-2022,65.699997,66.900002,60.650002,62.299999,62.299999,104446924
26-05-2022,61,62.5,59.599998,60.450001,60.450001,46556399
27-05-2022,63,63,61.5,62.049999,62.049999,32064280
30-05-2022,63.25,72.099998,62.599998,71.050003,71.050003,124103679
31-05-2022,68.5,77.699997,67.400002,74.650002,74.650002,184333915
01-06-2022,75.400002,79.800003,73.099998,74.699997,74.699997,127949782
02-06-2022,74.400002,74.400002,71.400002,71.949997,71.949997,47866809
03-06-2022,73.900002,74.849998,71.199997,72.150002,72.150002,35779760
06-06-2022,70,71.199997,69.199997,69.900002,69.900002,30078469
07-06-2022,69.699997,69.699997,64.75,65.400002,65.400002,41755337
08-06-2022,66,68.599998,64.099998,67.150002,67.150002,46697875
09-06-2022,66.199997,69.699997,65,68.699997,68.699997,47653877
10-06-2022,67.300003,69.699997,66.5,69,69,42040372
13-06-2022,67.5,68.300003,65.400002,67.5,67.5,34863276
14-06-2022,64.199997,70.75,64,70,70,66677006
15-06-2022,70.650002,71.900002,68.949997,70.199997,70.199997,33246369
16-06-2022,72,72,66.099998,67.199997,67.199997,41879881
17-06-2022,65.650002,69.400002,65.300003,67.050003,67.050003,33597224
20-06-2022,68,68,64.050003,65,65,27409011
21-06-2022,65.5,67.25,65.349998,66.050003,66.050003,22905677
22-06-2022,65.949997,68.599998,65,67.599998,67.599998,35026600
23-06-2022,67.050003,70,66.5,69.550003,69.550003,33785882
24-06-2022,71,71.849998,69.550003,70.5,70.5,23948418
27-06-2022,72.650002,72.699997,65,65.849998,65.849998,110751340
28-06-2022,65.699997,65.699997,59.650002,60.299999,60.299999,120959477
29-06-2022,58.75,61.450001,56.849998,57.299999,57.299999,96955320
30-06-2022,57.799999,59,53.349998,53.849998,53.849998,106893631
01-07-2022,54.150002,56.700001,52.549999,56.150002,56.150002,112078641
04-07-2022,54.5,55.799999,53.299999,54.299999,54.299999,56902459
05-07-2022,55.400002,55.900002,54.349998,55.450001,55.450001,51276627
06-07-2022,55.799999,55.799999,53.900002,54.349998,54.349998,32403447
07-07-2022,54.650002,55.150002,53.75,54.450001,54.450001,35759428
08-07-2022,55,55.299999,54.299999,54.799999,54.799999,21413556
11-07-2022,54.700001,56.5,54.200001,56.099998,56.099998,21739009
12-07-2022,55.900002,59.650002,55.5,59,59,57986568
13-07-2022,59,61.5,58,58.349998,58.349998,73383005
14-07-2022,58.400002,59,55.299999,55.650002,55.650002,43024089
15-07-2022,56.200001,56.200001,53.349998,53.900002,53.900002,47995067
18-07-2022,54.700001,55.099998,52.849998,53.599998,53.599998,47689463
19-07-2022,53.650002,54.400002,53.299999,53.950001,53.950001,35427093
20-07-2022,54.5,54.5,53.200001,53.400002,53.400002,37683099
21-07-2022,53.349998,54.450001,52.700001,53.5,53.5,29402446
22-07-2022,53.75,54,52.900002,53.650002,53.650002,27302087
25-07-2022,52.5,52.5,46,47.599998,47.599998,232841112
26-07-2022,46.599998,46.650002,41.200001,41.650002,41.650002,412304737
27-07-2022,40.849998,44.400002,40.599998,43.950001,43.950001,411205172
28-07-2022,44.900002,46.299999,43.049999,45.700001,45.700001,267544569
29-07-2022,45.599998,47.200001,44.549999,46.799999,46.799999,177187972
01-08-2022,46.799999,47.25,45.049999,46.299999,46.299999,135944043
02-08-2022,50,55.549999,48.400002,55.549999,55.549999,528899748
03-08-2022,52.5,56.900002,51.75,55.450001,55.450001,599688336
04-08-2022,55.75,58.650002,54.5,57.849998,57.849998,420183405
05-08-2022,57.900002,59.150002,53.25,54.599998,54.599998,315019033
08-08-2022,54.700001,56.200001,54.200001,55.450001,55.450001,178185076
10-08-2022,56.200001,56.549999,54.5,55.950001,55.950001,200699912
11-08-2022,56.900002,58.150002,56.349998,57.900002,57.900002,130942734
12-08-2022,58.099998,63.099998,57.900002,61.75,61.75,351208957
16-08-2022,62.650002,67.449997,62.5,64.25,64.25,250686966
17-08-2022,64.800003,65.599998,61.799999,65.25,65.25,258066522
18-08-2022,65.599998,69.25,65,67.099998,67.099998,303566868
19-08-2022,67.400002,68.25,60.150002,61.450001,61.450001,295737752
22-08-2022,61,62.849998,59.25,62,62,226773007
23-08-2022,62.299999,65.25,62.150002,64.449997,64.449997,218585102
24-08-2022,64.099998,64.199997,61.700001,62.200001,62.200001,116401002
25-08-2022,62.799999,63.200001,61.650002,62.099998,62.099998,81137105
26-08-2022,62.400002,62.700001,60.549999,61.849998,61.849998,87939030
29-08-2022,59.700001,60.549999,58.349998,59.200001,59.200001,98493347
30-08-2022,60.200001,61.25,57.299999,57.950001,57.950001,162054037
01-09-2022,58.700001,63.150002,58.25,62.450001,62.450001,192477817
02-09-2022,63.400002,63.400002,59.400002,59.75,59.75,137946710
05-09-2022,60.450001,60.799999,59.299999,59.650002,59.650002,84539046
06-09-2022,60.299999,60.799999,59.400002,59.700001,59.700001,70186636
07-09-2022,59.650002,60.400002,59.200001,59.5,59.5,59843737
08-09-2022,60.349998,62.5,59.799999,61.349998,61.349998,128430049
09-09-2022,62,63.650002,62,62.799999,62.799999,139369425
12-09-2022,63,63.200001,62.25,62.549999,62.549999,64044347
13-09-2022,63,66.599998,62.799999,65.449997,65.449997,199032705
14-09-2022,64.050003,65.150002,62.75,63.299999,63.299999,119824317
15-09-2022,64,64.900002,63.299999,64.599998,64.599998,88185944
16-09-2022,64.400002,65,61.099998,63.200001,63.200001,196537446
19-09-2022,64.199997,65.449997,63.450001,63.950001,63.950001,70453100
20-09-2022,64.900002,65.699997,62.400002,62.849998,62.849998,77904810
21-09-2022,63.299999,63.950001,62.400002,63.450001,63.450001,59131994
22-09-2022,62.900002,63.75,62.599998,63.299999,63.299999,34716572
23-09-2022,63,63.349998,60.400002,60.799999,60.799999,56730282
26-09-2022,60,60.650002,57.400002,57.799999,57.799999,65832873
27-09-2022,58.150002,59.75,56.950001,58.849998,58.849998,79641870
28-09-2022,57.799999,59.25,57.5,58.049999,58.049999,64334024
29-09-2022,59.200001,62,58.900002,61.200001,61.200001,76969699
30-09-2022,61.5,62.849998,59.75,62.349998,62.349998,71494895
03-10-2022,62,63.099998,61.200001,61.900002,61.900002,44528871
04-10-2022,63.099998,64.449997,63,64.050003,64.050003,47077008
06-10-2022,64.400002,66.150002,64.25,65.550003,65.550003,59866072
07-10-2022,65.150002,70.199997,64.599998,69.550003,69.550003,170879536
10-10-2022,68.400002,69.699997,67.5,68.699997,68.699997,87158481
11-10-2022,68.400002,69.199997,65,65.550003,65.550003,70171064
12-10-2022,65.650002,66.449997,63.049999,63.75,63.75,67799710
13-10-2022,64.099998,64.650002,61,61.25,61.25,73750800
14-10-2022,63,64.150002,61.599998,61.900002,61.900002,85139332
17-10-2022,61.900002,63.25,61.150002,62.650002,62.650002,56007734
18-10-2022,63.650002,64.400002,62.75,63,63,49431277
19-10-2022,63.400002,63.700001,61.5,62.049999,62.049999,52638798
20-10-2022,61.700001,62,60.849998,61.299999,61.299999,57513138
21-10-2022,61.799999,63.200001,61.299999,61.799999,61.799999,65825881
24-10-2022,62.900002,62.950001,62.049999,62.349998,62.349998,7775480
25-10-2022,62.700001,64.900002,62.400002,64.599998,64.599998,81043498
27-10-2022,64.099998,65.650002,63.5,65.099998,65.099998,64853360
28-10-2022,65.25,65.699997,62.299999,62.599998,62.599998,56787309
31-10-2022,63.599998,63.849998,62.099998,63.099998,63.099998,45949861
01-11-2022,63.5,63.75,62.700001,63.5,63.5,50425928
02-11-2022,63.75,64.699997,62.700001,63,63,52915032
03-11-2022,62.799999,62.799999,62,62.200001,62.200001,31729457
04-11-2022,62.75,63.650002,62.450001,63,63,35296904
07-11-2022,63.849998,65.449997,63.25,65.099998,65.099998,56815391
09-11-2022,65.449997,67.5,65,65.300003,65.300003,87424592
10-11-2022,65.5,65.949997,63.150002,63.950001,63.950001,44332611
11-11-2022,66,73.550003,65.5,72.800003,72.800003,397758848
14-11-2022,74.300003,75.449997,69.050003,69.599998,69.599998,186727024
15-11-2022,69.599998,71.150002,69.099998,69.949997,69.949997,68397103
16-11-2022,69.949997,70.5,67.699997,68.699997,68.699997,75425523
17-11-2022,68.400002,69.800003,67.5,67.699997,67.699997,60115704
18-11-2022,68.150002,69.349998,66.900002,67.150002,67.150002,62855692
21-11-2022,66.400002,66.400002,63.799999,64.300003,64.300003,85998316
22-11-2022,64.900002,64.900002,63.299999,63.950001,63.950001,50715391
23-11-2022,63.5,64.300003,61.400002,61.75,61.75,69815602
24-11-2022,62.299999,64.099998,62.049999,63.200001,63.200001,90679986
25-11-2022,64,64.900002,63.049999,64,64,74237526
28-11-2022,64.25,65.300003,63.799999,64.400002,64.400002,53453545
29-11-2022,64.400002,64.900002,63,63.549999,63.549999,32230342
30-11-2022,63,66.800003,61.900002,65.25,65.25,549718630
01-12-2022,66.5,67.150002,65.400002,66.650002,66.650002,83610566
02-12-2022,66.75,68.900002,66.5,68.550003,68.550003,96262543
05-12-2022,68.849998,69,65,65.449997,65.449997,85107187
06-12-2022,64.75,65.449997,64.449997,64.800003,64.800003,40042683
07-12-2022,65.099998,65.400002,64.099998,64.449997,64.449997,29775697
08-12-2022,64.800003,64.800003,63.650002,63.799999,63.799999,35341241
09-12-2022,64.199997,64.849998,63.900002,64.150002,64.150002,36490408
12-12-2022,64.150002,64.75,63.599998,64.400002,64.400002,20602398
13-12-2022,64.800003,65.199997,64.349998,64.599998,64.599998,21917723
14-12-2022,64.849998,65.449997,64.599998,65,65,24599687
15-12-2022,64.949997,65.25,63.799999,64.150002,64.150002,19011713
16-12-2022,63.75,64,61.849998,62.150002,62.150002,48220919
19-12-2022,62.400002,62.799999,62,62.150002,62.150002,21470297
20-12-2022,62.099998,63.200001,61.900002,62.849998,62.849998,32487667
21-12-2022,63.200001,63.5,60.849998,61.349998,61.349998,39979212
22-12-2022,61.799999,62.049999,58.549999,58.950001,58.950001,53936114
23-12-2022,58.299999,58.349998,53.200001,53.650002,53.650002,93022114
26-12-2022,53.950001,59.75,53.450001,58.150002,58.150002,83571451
27-12-2022,59.400002,60.599998,58.5,58.950001,58.950001,54205000
28-12-2022,58.5,60.799999,57.849998,60.150002,60.150002,70502428
29-12-2022,59.5,61.549999,59,60.849998,60.849998,24973807
30-12-2022,61,61.450001,59,59.299999,59.299999,33251260
02-01-2023,60.650002,60.700001,59.799999,60.299999,60.299999,18759536
03-01-2023,58.849998,59.549999,57.299999,58.950001,58.950001,49702768
04-01-2023,58.400002,58.700001,56,56.349998,56.349998,48975781
05-01-2023,56.950001,57.099998,55.599998,56.200001,56.200001,34448671
06-01-2023,56.200001,56.400002,54.950001,55.25,55.25,30272416
09-01-2023,56,57.25,55.75,56,56,35490334
10-01-2023,56,56.150002,53.799999,54.700001,54.700001,45966335
11-01-2023,55,56.150002,54.099998,54.349998,54.349998,32626665
12-01-2023,54.700001,55,52.950001,53.75,53.75,38856261
13-01-2023,54.099998,54.5,53.049999,53.25,53.25,38735350
16-01-2023,54,54.299999,52.5,52.700001,52.700001,35892303
17-01-2023,53,53.099998,50,50.150002,50.150002,77122987
18-01-2023,50.400002,51.450001,48.849998,51,51,84541855
19-01-2023,50.299999,51.900002,50.049999,51.099998,51.099998,54523340
20-01-2023,51.400002,52.25,50.549999,51.450001,51.450001,47355757
23-01-2023,51.900002,51.900002,50.650002,51,51,24658884
24-01-2023,51,52.299999,50.650002,52.099998,52.099998,47720352
25-01-2023,52,52.049999,44.349998,47.75,47.75,237764175
27-01-2023,49,51.799999,46.700001,46.950001,46.950001,169788452
30-01-2023,47.900002,48.549999,46.700001,47.400002,47.400002,54376637
31-01-2023,48,50.700001,46.450001,49.75,49.75,95398497
01-02-2023,50,51.049999,47.049999,48.150002,48.150002,68752685
02-02-2023,48.400002,48.900002,47.150002,47.5,47.5,40751688
03-02-2023,48.150002,49.25,47.700001,48.75,48.75,42497841
06-02-2023,48.700001,49.099998,47.549999,47.75,47.75,35956956
07-02-2023,48,51,47.599998,49.349998,49.349998,61077398
08-02-2023,51.200001,55.299999,51.099998,54.299999,54.299999,265595807
09-02-2023,54.700001,56.799999,53.400002,54.400002,54.400002,216398621
10-02-2023,52.700001,54.150002,50.700001,53.299999,53.299999,176950201
13-02-2023,53,53.700001,51.25,51.799999,51.799999,86162276
14-02-2023,51.799999,52.5,49.900002,50.349998,50.349998,79395202
15-02-2023,50.549999,50.900002,49.799999,50.25,50.25,49655881
16-02-2023,50.799999,51.799999,50.450001,51.400002,51.400002,48841966
17-02-2023,51.25,52.200001,50.700001,51.799999,51.799999,52862406
20-02-2023,51.900002,55.049999,51.75,54.599998,54.599998,93315254
21-02-2023,54.599998,56.150002,54.400002,55.349998,55.349998,100106053
22-02-2023,54.849998,55.400002,52.599998,52.950001,52.950001,75802021
23-02-2023,53,56,52.799999,54.950001,54.950001,118058937
24-02-2023,55.5,56.75,54,54.450001,54.450001,73440699
27-02-2023,54.700001,54.75,53.200001,53.599998,53.599998,38735556
28-02-2023,53.700001,54.400002,53,53.5,53.5,45414869
01-03-2023,53.5,55.349998,53.349998,54.950001,54.950001,42854827
02-03-2023,54.75,55.200001,54.349998,54.549999,54.549999,36256148
03-03-2023,54.900002,55.400002,53.200001,53.650002,53.650002,36943821
06-03-2023,54,54.950001,53.700001,53.950001,53.950001,33492583
08-03-2023,53.450001,55.299999,52.650002,54.799999,54.799999,44159725
09-03-2023,55.099998,56.349998,53.900002,54.049999,54.049999,56021946
10-03-2023,53.799999,54.5,53.299999,53.849998,53.849998,39226931
13-03-2023,53.950001,54.700001,51.599998,51.900002,51.900002,52374659
14-03-2023,52,52.5,50.200001,50.75,50.75,52247904
15-03-2023,51.5,52.200001,50.549999,50.75,50.75,38763143
16-03-2023,50.900002,53.700001,49.849998,53.049999,53.049999,61237058
17-03-2023,53.450001,55.75,53.049999,54.900002,54.900002,112918857
20-03-2023,53.599998,54.75,52.200001,53.549999,53.549999,65578919
21-03-2023,53.849998,54.150002,52.650002,53,53,31632951
22-03-2023,53.400002,53.900002,52.700001,53.099998,53.099998,38444991
23-03-2023,52.900002,53.200001,52.099998,52.650002,52.650002,32816290
24-03-2023,52.5,52.849998,50.150002,50.650002,50.650002,67243087
27-03-2023,50.700001,51.299999,49.25,50.099998,50.099998,49618132
28-03-2023,50.200001,50.549999,49,50.25,50.25,50426174
29-03-2023,50.25,51.75,49.599998,51.25,51.25,41464387
31-03-2023,51.25,51.700001,50.650002,51,51,56566133
03-04-2023,51.5,52.150002,50.900002,51.950001,51.950001,29241512
05-04-2023,52.099998,52.900002,51.549999,51.700001,51.700001,25497115
06-04-2023,51.75,52.450001,51.299999,52.150002,52.150002,19695678
10-04-2023,52.150002,54.200001,51.799999,53.950001,53.950001,60655412
11-04-2023,54.650002,55.25,53.25,53.950001,53.950001,41101417
12-04-2023,54.25,54.25,52.900002,53.200001,53.200001,30848068
13-04-2023,53.200001,54.150002,52.849998,53.849998,53.849998,26646279
17-04-2023,54.200001,54.25,53,53.950001,53.950001,24787918
18-04-2023,54.049999,54.200001,53.049999,53.299999,53.299999,27617603
19-04-2023,53.599998,55.950001,53.200001,54.150002,54.150002,62022927
20-04-2023,54.150002,54.400002,53.650002,54.200001,54.200001,23096046
21-04-2023,54.299999,56.75,54.099998,56.049999,56.049999,106707937
24-04-2023,55.5,56.400002,54.700001,56,56,43287483
25-04-2023,56.400002,60.599998,56.200001,57.75,57.75,199056106
26-04-2023,58.099998,59,57.099998,58.200001,58.200001,59765915
27-04-2023,58.599998,61.150002,58.349998,60.700001,60.700001,82969101
28-04-2023,60.799999,66,59.549999,64.900002,64.900002,190938290
02-05-2023,64.5,65.650002,63.049999,63.450001,63.450001,112758256
03-05-2023,63.450001,64.949997,63.150002,63.549999,63.549999,65082316
04-05-2023,63.5,66.599998,63.349998,65.699997,65.699997,123042355
05-05-2023,65.5,66.699997,64.25,65.400002,65.400002,94016138
08-05-2023,64.599998,66.199997,63.5,64.900002,64.900002,104940671
09-05-2023,64.699997,64.699997,60.299999,60.950001,60.950001,127854883
10-05-2023,61,62.900002,60.950001,61.799999,61.799999,70220898
11-05-2023,62.599998,63.5,62,62.400002,62.400002,75062855
12-05-2023,62.5,63.650002,61.599998,62.599998,62.599998,73164520
15-05-2023,62.099998,64.099998,61.950001,63.700001,63.700001,55886001
16-05-2023,64,65,62.400002,63,63,59311532
17-05-2023,63,64.050003,62.25,63.349998,63.349998,47444527
18-05-2023,64.199997,64.599998,63.099998,63.5,63.5,54301847
19-05-2023,63.950001,65,63.200001,64.5,64.5,73620039
22-05-2023,64.699997,66.849998,61.799999,63.5,63.5,147006670
23-05-2023,63.049999,64,62.549999,63.200001,63.200001,50797759
24-05-2023,63,64.699997,62.75,64.449997,64.449997,60476729
25-05-2023,64.800003,68.199997,64.5,67.300003,67.300003,139721311
26-05-2023,67.300003,68.25,65.75,67.25,67.25,86466135
29-05-2023,67.800003,68.400002,66.599998,67.099998,67.099998,56968141
30-05-2023,67.5,68.300003,66.449997,66.849998,66.849998,60699589
31-05-2023,67.300003,70,66.300003,69.050003,69.050003,251813391
01-06-2023,68.699997,68.800003,67.599998,67.949997,67.949997,57846081
02-06-2023,70,73.199997,69.5,71.150002,71.150002,170769117
05-06-2023,71.300003,72.150002,69.599998,71.25,71.25,84075166
06-06-2023,71.550003,73.150002,71.349998,72.349998,72.349998,64762959
07-06-2023,72.5,75,72.400002,74.5,74.5,67871844
08-06-2023,74.800003,76.349998,73.699997,75.800003,75.800003,88006842
09-06-2023,77.050003,78,75.849998,77.599998,77.599998,77276802
12-06-2023,78.300003,80.300003,76.5,77.949997,77.949997,105388190
13-06-2023,77.900002,78.800003,76.699997,78.300003,78.300003,81857154
14-06-2023,78.300003,78.449997,73.25,74.099998,74.099998,83186945
15-06-2023,74.5,76.099998,73.099998,75.099998,75.099998,93321136
16-06-2023,75.550003,76,73.900002,74.449997,74.449997,45783616
19-06-2023,74.599998,77,74.099998,75.849998,75.849998,62744981
20-06-2023,76,76.400002,74.800003,75.849998,75.849998,30591595
21-06-2023,76.099998,77.349998,74.650002,75.099998,75.099998,31896510
22-06-2023,75.5,75.849998,73.650002,74.349998,74.349998,40419764
23-06-2023,73.900002,75.300003,72.550003,74.150002,74.150002,51775728
26-06-2023,74.150002,75.25,73.800003,74.849998,74.849998,30411621
27-06-2023,75.150002,76.949997,74.849998,76.150002,76.150002,59078137
28-06-2023,77,77,74.599998,74.900002,74.900002,30574521
30-06-2023,75,75.449997,74,75.050003,75.050003,49245376
03-07-2023,75.449997,77.25,74.550003,75.650002,75.650002,49243205
04-07-2023,75.800003,76.199997,74.5,74.800003,74.800003,24150257
05-07-2023,74.849998,75.099998,73.699997,74.050003,74.050003,25459694
06-07-2023,74.449997,75.25,74.300003,74.75,74.75,24467816
07-07-2023,74.800003,74.900002,73,73.25,73.25,26599778
10-07-2023,73.449997,75.550003,73.400002,74.800003,74.800003,33812208
11-07-2023,75.050003,77,74.900002,76.800003,76.800003,42946892
12-07-2023,77.5,78.800003,77.150002,77.5,77.5,64212629
13-07-2023,77.849998,84.5,77.650002,82.199997,82.199997,192605002
14-07-2023,84,85.25,81.650002,82.550003,82.550003,91571303
17-07-2023,83.199997,83.400002,79.5,80.150002,80.150002,43377345
18-07-2023,80.650002,80.650002,76.5,78.699997,78.699997,71215775
19-07-2023,79,80.349998,77.25,77.650002,77.650002,42130927
20-07-2023,78.050003,79.099998,77.300003,77.599998,77.599998,40495235
21-07-2023,77.849998,80.699997,77.400002,80.300003,80.300003,74991213
24-07-2023,80.800003,82.449997,80.550003,81.300003,81.300003,64291285
25-07-2023,81.300003,83.199997,79.300003,82.650002,82.650002,72459586
26-07-2023,83.099998,84.599998,82.5,83.349998,83.349998,59291226
27-07-2023,83.349998,86.099998,82.800003,84.949997,84.949997,77249384
28-07-2023,85.599998,87.25,83.849998,86.800003,86.800003,74798625
31-07-2023,87,87.150002,83.699997,84.099998,84.099998,49093355
01-08-2023,84.599998,85.699997,84.199997,84.75,84.75,34950470
02-08-2023,84.449997,85.949997,82.650002,85.050003,85.050003,54844625
03-08-2023,81.599998,88.400002,81.599998,86.550003,86.550003,123480816
04-08-2023,89,98.400002,88.400002,95.400002,95.400002,405751648
07-08-2023,97.400002,102.849998,96.349998,97.599998,97.599998,249331637
08-08-2023,98.349998,100.300003,92.699997,93.449997,93.449997,160236123
09-08-2023,93.900002,94.849998,91.599998,94.099998,94.099998,109240947
10-08-2023,94.099998,96.150002,93.25,94.25,94.25,87598556
11-08-2023,94.599998,95.199997,93.050003,93.449997,93.449997,38156809
14-08-2023,93.400002,93.400002,91.349998,92.75,92.75,46668447
16-08-2023,92.449997,95.599998,91.5,91.900002,91.900002,76333138
17-08-2023,92.300003,93.25,90.5,91.150002,91.150002,45657095
18-08-2023,91,91.400002,89,89.349998,89.349998,50513070
21-08-2023,90.5,90.5,88.300003,89.75,89.75,36755760
22-08-2023,90.300003,94.300003,90.099998,91.900002,91.900002,104409241
23-08-2023,92.949997,95,92.050003,94.300003,94.300003,64768237
24-08-2023,95.75,95.75,93.199997,93.800003,93.800003,47597101
25-08-2023,93.349998,93.349998,90.050003,91,91,65076321
28-08-2023,96,96.099998,91.75,92.349998,92.349998,141118441
29-08-2023,92.75,95,92.599998,94.699997,94.699997,86708316
30-08-2023,99.5,100.5,97.199997,99.800003,99.800003,250111714
31-08-2023,100.050003,100.800003,96.699997,97.599998,97.599998,113063640
01-09-2023,98.300003,98.349998,96.849998,97.199997,97.199997,47561928
04-09-2023,97.5,98.599998,97.300003,98.050003,98.050003,37447917
05-09-2023,98.150002,99.300003,97.050003,98.199997,98.199997,51133944
06-09-2023,98.400002,98.849998,97.650002,98.199997,98.199997,28329667
07-09-2023,98.650002,101.599998,98.199997,100.050003,100.050003,111222776
08-09-2023,100.75,101.099998,99,99.599998,99.599998,63482366
11-09-2023,100,102.550003,99.199997,101.349998,101.349998,83850675
12-09-2023,102.400002,102.5,96.5,98.75,98.75,90911794
13-09-2023,98.75,100.75,97,97.900002,97.900002,71661116
14-09-2023,98.650002,100.099998,98.199997,99.449997,99.449997,45226055
15-09-2023,100.5,104.449997,100.349998,102.949997,102.949997,148853172
18-09-2023,103.599998,105,101.650002,102.150002,102.150002,69476642
20-09-2023,101.300003,104.900002,99.300003,100,100,104115507
21-09-2023,100,100.949997,98.25,99.150002,99.150002,40591612
22-09-2023,99.5,101.400002,98.699997,99.900002,99.900002,39492725
25-09-2023,100.300003,100.5,97.75,98.449997,98.449997,34410972
26-09-2023,98.599998,100.400002,97.900002,99.900002,99.900002,36822528
27-09-2023,99.900002,101.199997,98.5,100.099998,100.099998,34894254
28-09-2023,100.349998,100.599998,99.300003,99.949997,99.949997,25885383
29-09-2023,100.050003,102.75,99.599998,101.5,101.5,49524816
03-10-2023,101,105.900002,100,105.300003,105.300003,82983688
04-10-2023,104.400002,104.400002,100.349998,100.75,100.75,68727969
05-10-2023,102.599998,107.699997,102.349998,105.400002,105.400002,140096809
06-10-2023,106.400002,107.199997,104,104.449997,104.449997,65041435
09-10-2023,103.800003,105.25,101,103.900002,103.900002,53811658
10-10-2023,104.900002,107.949997,104.650002,106.050003,106.050003,67712329
11-10-2023,106.800003,109.800003,106.550003,109,109,93838782
12-10-2023,110.199997,113.25,109.5,109.849998,109.849998,117710894
13-10-2023,109.849998,111.800003,109.099998,111,111,55786063
16-10-2023,111.900002,112.75,110.849998,111.5,111.5,47455521
17-10-2023,112.5,114.199997,111.5,113.849998,113.849998,55351894
18-10-2023,114.5,115.099998,109.5,113.199997,113.199997,100553806
19-10-2023,112,113.150002,110.650002,111.650002,111.650002,43517012
20-10-2023,114,114.5,112.150002,113.349998,113.349998,64427436
23-10-2023,113.800003,113.900002,106.800003,108.900002,108.900002,70944550
25-10-2023,105.650002,109.5,105.550003,108.25,108.25,59685089
26-10-2023,107.5,108,101.25,106.449997,106.449997,108605538
27-10-2023,107.349998,109.25,105.050003,105.650002,105.650002,43738547
30-10-2023,106.199997,108.599998,105.699997,107.699997,107.699997,48282252
31-10-2023,107.849998,108.150002,104.25,105.099998,105.099998,49382539
01-11-2023,105.599998,107.150002,103.25,103.699997,103.699997,47911258
02-11-2023,105,108,104.900002,107.550003,107.550003,47086204
03-11-2023,108.800003,119.900002,108.699997,116.5,116.5,238833377
06-11-2023,119.599998,123.900002,118.25,123.300003,123.300003,186288904
07-11-2023,123.550003,126.349998,120.5,121.300003,121.300003,120886007
08-11-2023,122,125.699997,121.300003,125.150002,125.150002,75041688
09-11-2023,125.25,125.550003,121.349998,121.849998,121.849998,50307832
10-11-2023,122,123.300003,120.699997,121.300003,121.300003,43388163
13-11-2023,122.650002,123.099998,121.5,122.199997,122.199997,28348143
15-11-2023,123.300003,125.199997,119.75,120.25,120.25,60088818
16-11-2023,120.900002,122.550003,120.699997,121.849998,121.849998,36895083
17-11-2023,122,125,121.5,122.199997,122.199997,43882213
20-11-2023,122.849998,123.400002,117.349998,118.150002,118.150002,52784478
21-11-2023,118.550003,119,116.050003,116.5,116.5,45193553
22-11-2023,116,117.800003,114.349998,115.300003,115.300003,52799865
23-11-2023,113.599998,115.75,112.5,112.949997,112.949997,56329090
24-11-2023,114.150002,116,112.900002,113.25,113.25,49980086
28-11-2023,114.900002,116.900002,113.5,113.800003,113.800003,61963724
29-11-2023,117,119.199997,114,116.599998,116.599998,115274058
30-11-2023,118.800003,120.699997,116.150002,118.550003,118.550003,225208168
01-12-2023,118,118.349998,115.099998,116.300003,116.300003,57261076
04-12-2023,118.75,119,116.25,117.400002,117.400002,66057180
05-12-2023,117.900002,118.25,116.25,116.75,116.75,57483305
06-12-2023,117.150002,119.699997,116.599998,118.900002,118.900002,48171753
07-12-2023,119.599998,122.199997,118.400002,121.699997,121.699997,52483562
08-12-2023,123,123.900002,119.300003,119.949997,119.949997,44213196
11-12-2023,119.949997,120.5,117.550003,118.449997,118.449997,32372287
12-12-2023,119,119.300003,114.150002,116.75,116.75,40800538
13-12-2023,116.900002,120.5,116.150002,120,120,48092329
14-12-2023,121,124.949997,120.5,124.150002,124.150002,74178495
15-12-2023,124.5,125,122.400002,123.599998,123.599998,39542770
18-12-2023,123.400002,129.199997,121.550003,128.550003,128.550003,89553155
19-12-2023,129,131.75,127.400002,130.25,130.25,64117314
20-12-2023,130.350006,131,123.150002,124.75,124.75,49006056
21-12-2023,122.150002,128.699997,120.199997,127.349998,127.349998,52326124
22-12-2023,130.550003,131,125.300003,128.5,128.5,63113800
26-12-2023,128.5,128.699997,124.300003,125,125,25499782
27-12-2023,125.699997,127.599998,125.550003,127.050003,127.050003,21757560
28-12-2023,124.900002,125.5,120.599998,123.199997,123.199997,72865479
29-12-2023,124,125.550003,123.25,123.699997,123.699997,27512604
01-01-2024,124.449997,125.599998,122.849998,124.5,124.5,24228685
02-01-2024,127,129.449997,125.5,128.699997,128.699997,69395959
03-01-2024,128.800003,130.25,127.099998,127.550003,127.550003,39101172
04-01-2024,128.399994,130.899994,126.449997,129.75,129.75,45285624
05-01-2024,130.899994,134.350006,128.949997,133.300003,133.300003,55608923
08-01-2024,133.649994,133.649994,130,132.850006,132.850006,38912423
09-01-2024,133.199997,135,132.600006,134.300003,134.300003,33803263
10-01-2024,134.25,136.149994,132.25,134.649994,134.649994,29917881
11-01-2024,135.300003,139,135.050003,138.350006,138.350006,41809415
12-01-2024,140,141.5,136.800003,139.550003,139.550003,45508277
15-01-2024,139.550003,139.550003,139.550003,139.550003,139.550003,0
16-01-2024,135,135.300003,131,133.550003,133.550003,47043428
17-01-2024,132.399994,132.399994,126.75,127.400002,127.400002,76780526
18-01-2024,128.050003,129.800003,121.599998,129.449997,129.449997,111946831
19-01-2024,130.5,135.5,128,135.050003,135.050003,81155018
23-01-2024,136.300003,137.300003,127,130.100006,130.100006,72520625
24-01-2024,131.449997,136.899994,129.800003,136.199997,136.199997,54612769
25-01-2024,135.899994,138.199997,132.800003,136.149994,136.149994,60682540
29-01-2024,136.899994,137.699997,132.350006,135.550003,135.550003,55871017
30-01-2024,135.850006,138.800003,134.649994,137.199997,137.199997,57612020
31-01-2024,140,142,138,139.550003,139.550003,89833027
01-02-2024,141,143.5,138.550003,140.550003,140.550003,70252449
02-02-2024,141.800003,145,141.449997,143.800003,143.800003,78666454
05-02-2024,145,145.399994,138.25,140.25,140.25,54189688
06-02-2024,140.399994,141.800003,138.050003,139.949997,139.949997,46782951
07-02-2024,141,142.899994,139.649994,140.399994,140.399994,75083259
08-02-2024,142.5,147.5,139,144.100006,144.100006,184839649
09-02-2024,146.899994,151.399994,142.25,149.449997,149.449997,257918995
12-02-2024,151,158.800003,149.5,153.800003,153.800003,155848102
13-02-2024,154.350006,157.899994,149,154.75,154.75,79935680
14-02-2024,152.949997,153.75,150.100006,152.25,152.25,38221083
15-02-2024,157,159.199997,154,154.850006,154.850006,77367585
16-02-2024,156.899994,160,155.350006,156.699997,156.699997,61209337
19-02-2024,157.449997,160.449997,155.600006,157.5,157.5,60218202
20-02-2024,159.699997,163.800003,158.699997,161.050003,161.050003,85356675
21-02-2024,162.300003,167.800003,157.600006,158.649994,158.649994,91140945
22-02-2024,159.550003,163,156.600006,162.100006,162.100006,67614848
23-02-2024,162.399994,164.800003,160.800003,164.050003,164.050003,37200710
26-02-2024,165.199997,168.5,163.149994,164.199997,164.199997,33433566
27-02-2024,163.75,163.850006,158,161.300003,161.300003,29921497
28-02-2024,161.899994,161.949997,155.350006,159.350006,159.350006,41883110
29-02-2024,156.449997,168.850006,155.449997,165.449997,165.449997,175785440
01-03-2024,168,173.5,165.600006,166.5,166.5,42587331
04-03-2024,168,175.600006,168,169.800003,169.800003,55751426
05-03-2024,170.75,171.5,164.050003,165.850006,165.850006,29313864
06-03-2024,164.399994,164.399994,157.5,161.550003,161.550003,95621548
07-03-2024,161.75,163.449997,158.649994,160,160,43685238
11-03-2024,161,163.199997,149,154.850006,154.850006,51519591
12-03-2024,156.600006,157.899994,152.149994,156.899994,156.899994,31159766
13-03-2024,157.449997,158.25,147.5,148.649994,148.649994,53202095
14-03-2024,147.100006,157.300003,144.300003,152.75,152.75,45708365
15-03-2024,152.850006,161.699997,152.449997,160.050003,160.050003,95085427
18-03-2024,162.5,164.449997,157.25,158.25,158.25,35382756
19-03-2024,158.600006,161.449997,156.5,157.949997,157.949997,24847687
20-03-2024,159.449997,166.699997,159,165.600006,165.600006,45544054
21-03-2024,168,171,166.399994,169.649994,169.649994,42227967
22-03-2024,170.449997,174.899994,169.050003,174.199997,174.199997,41776494
26-03-2024,173.399994,183.649994,172.199997,182.600006,182.600006,64590292
27-03-2024,183.600006,189,177.199997,179.449997,179.449997,50528769
28-03-2024,179.800003,184.699997,176,182.100006,182.100006,42567446
01-04-2024,183.899994,188.199997,182.75,184.5,184.5,20789208
02-04-2024,185,185,180.75,183.100006,183.100006,36346394
03-04-2024,181.949997,182,177.850006,178.300003,178.300003,24268721
04-04-2024,180.5,188.149994,180.25,187,187,52772054
05-04-2024,188.25,191.800003,187.25,190.5,190.5,35235139
08-04-2024,191.600006,194,190.550003,191.800003,191.800003,23092887
09-04-2024,192.550003,195.5,188.75,193.699997,193.699997,30824719
10-04-2024,195,199.600006,194.050003,196.899994,196.899994,35141522
12-04-2024,195.850006,199.699997,190.5,192.100006,192.100006,56543869
15-04-2024,188,192.399994,184.5,188.300003,188.300003,48456568
16-04-2024,187,189.300003,183.899994,186.449997,186.449997,43273463
18-04-2024,188.5,189.25,183,185.199997,185.199997,35346377
19-04-2024,182.300003,191,181.399994,189.199997,189.199997,34112204
22-04-2024,193,197.699997,190.800003,193.350006,193.350006,28792292
23-04-2024,194.399994,194.5,186.600006,187.449997,187.449997,35740731
24-04-2024,189,189.100006,183.149994,184.399994,184.399994,32622315
25-04-2024,184,188.899994,182.5,184.699997,184.699997,38839521
26-04-2024,189,190.449997,186.350006,188.100006,188.100006,33778145
29-04-2024,189.399994,194.300003,186.449997,193.600006,193.600006,33415230
30-04-2024,195,196.949997,192.199997,193.149994,193.149994,39383265
02-05-2024,193.600006,195.949997,192.75,195.449997,195.449997,27391448
03-05-2024,196.800003,200.350006,193.100006,197.25,197.25,37882274
06-05-2024,199,202,194.5,195.699997,195.699997,26394239
07-05-2024,196.149994,196.350006,182.350006,191.449997,191.449997,48161265
08-05-2024,190.649994,196,187.300003,195.449997,195.449997,47941406
09-05-2024,195,199.699997,193.100006,195.25,195.25,47274769
10-05-2024,196.350006,205,189.899994,201.300003,201.300003,52717901
13-05-2024,205.800003,207.199997,186.75,194.300003,194.300003,114135952
14-05-2024,191.699997,193.449997,182.100006,187.300003,187.300003,110070781
15-05-2024,188.800003,193.399994,183.149994,192,192,44772997
16-05-2024,192.899994,195.850006,189,195.199997,195.199997,35478593
17-05-2024,195.149994,196,193.100006,194.850006,194.850006,20841351
21-05-2024,194.399994,196.5,188.75,189.100006,189.100006,33453174
22-05-2024,190,190,183.350006,185.5,185.5,40354936
